<application>
  <component name="LocalDatabaseDriverManager" version="201">
    <driver id="postgresql">
      <artifact id="PostgreSQL" name="PostgreSQL" use="true" version="42.6.0" />
    </driver>
    <driver id="sqlite.xerial">
      <artifact id="Xerial SQLiteJDBC" name="Xerial SQLiteJDBC" use="true" version="3.43.0" />
      <library>
        <url>file://$APPLICATION_CONFIG_DIR$/jdbc-drivers/Xerial SQLiteJDBC/3.43.0/org/xerial/sqlite-jdbc/3.43.0.0/sqlite-jdbc-3.43.0.0.jar</url>
      </library>
    </driver>
    <driver id="redis">
      <artifact id="Redis" name="Redis" use="true" version="1.4" />
    </driver>
  </component>
</application>