<application>
  <component name="SettingsSyncSettings">
    <option name="disabledSubcategories">
      <map>
        <entry key="PLUGINS">
          <value>
            <list>
              <option value="com.blai30.lotus.theme" />
              <option value="com.intellij.laf.macos" />
              <option value="com.jetbrains.CyanTheme" />
              <option value="com.vermouthx.xcode-theme" />
              <option value="rasarts.espresso.light.theme" />
            </list>
          </value>
        </entry>
      </map>
    </option>
    <option name="migrationFromOldStorageChecked" value="true" />
  </component>
</application>