<application>
  <component name="DimensionService">
    <location key="find.popup.0.0.2561.1601@144dpi" x="792" y="104" />
    <size key="GridCell.Tab.0.left.0.0.2561.1601@144dpi" width="1228" height="332" />
    <size key="GridCell.Tab.0.center.0.0.2561.1601@144dpi" width="1228" height="332" />
    <size key="GridCell.Tab.0.right.0.0.2561.1601@144dpi" width="1228" height="332" />
    <size key="GridCell.Tab.0.bottom.0.0.2561.1601@144dpi" width="1228" height="332" />
    <size key="GridCell.Tab.1.left.0.0.2561.1601@144dpi" width="1228" height="332" />
    <size key="GridCell.Tab.1.center.0.0.2561.1601@144dpi" width="1228" height="332" />
    <size key="GridCell.Tab.1.right.0.0.2561.1601@144dpi" width="1228" height="332" />
    <size key="GridCell.Tab.1.bottom.0.0.2561.1601@144dpi" width="1228" height="332" />
    <size key="GridCell.Tab.2.left.0.0.2561.1601@144dpi" width="1229" height="472" />
    <size key="GridCell.Tab.2.center.0.0.2561.1601@144dpi" width="1229" height="472" />
    <size key="GridCell.Tab.2.right.0.0.2561.1601@144dpi" width="1229" height="472" />
    <size key="GridCell.Tab.2.bottom.0.0.2561.1601@144dpi" width="1229" height="472" />
    <size key="GridCell.Tab.3.left.0.0.2561.1601@144dpi" width="1229" height="472" />
    <size key="GridCell.Tab.3.center.0.0.2561.1601@144dpi" width="1229" height="472" />
    <size key="GridCell.Tab.3.right.0.0.2561.1601@144dpi" width="1229" height="472" />
    <size key="GridCell.Tab.3.bottom.0.0.2561.1601@144dpi" width="1229" height="472" />
    <size key="GridCell.Tab.4.left.0.0.2561.1601@144dpi" width="1229" height="472" />
    <size key="GridCell.Tab.4.center.0.0.2561.1601@144dpi" width="1229" height="472" />
    <size key="GridCell.Tab.4.right.0.0.2561.1601@144dpi" width="1229" height="472" />
    <size key="GridCell.Tab.4.bottom.0.0.2561.1601@144dpi" width="1229" height="472" />
    <size key="find.popup.0.0.2561.1601@144dpi" width="1160" height="1435" />
  </component>
  <component name="WindowManager">
    <frame x="0" y="0" width="2558" height="1539" extendedState="6" />
  </component>
  <component name="WindowStateApplicationService">
    <state x="957" y="346" width="636" height="717" key="FileChooserDialogImpl" timestamp="1722664831954">
      <screen x="0" y="0" width="2561" height="1541" />
    </state>
    <state x="957" y="346" width="636" height="717" key="FileChooserDialogImpl/0.0.2561.1541" timestamp="1722664831954" />
    <state x="1280" y="690" width="1200" height="976" key="WELCOME_SCREEN" timestamp="1723299446614">
      <screen x="0" y="0" width="2561" height="1541" />
    </state>
    <state x="1280" y="690" width="1200" height="976" key="WELCOME_SCREEN/0.0.2561.1541" timestamp="1723299446614" />
  </component>
</application>